<component name="ArtifactManager">
  <artifact type="jar" name="ulsub_main:jar">
    <output-path>$PROJECT_DIR$/</output-path>
    <root id="archive" name="ulsub_main.jar">
      <element id="directory" name="META-INF">
        <element id="file-copy" path="$PROJECT_DIR$/src/META-INF/MANIFEST.MF" />
      </element>
      <element id="module-output" name="ulsub_main" />
      <element id="extracted-dir" path="$USER_HOME$/.gradle/caches/modules-2/files-2.1/com.fasterxml.jackson.core/jackson-annotations/2.9.0/7c10d545325e3a6e72e06381afe469fd40eb701/jackson-annotations-2.9.0.jar" path-in-jar="/" />
      <element id="extracted-dir" path="$USER_HOME$/.gradle/caches/modules-2/files-2.1/net.lingala.zip4j/zip4j/1.3.2/4ba84e98ee017b74cb52f45962f929a221f3074c/zip4j-1.3.2.jar" path-in-jar="/" />
      <element id="extracted-dir" path="$USER_HOME$/.gradle/caches/modules-2/files-2.1/com.fasterxml.jackson.core/jackson-databind/2.9.2/1d8d8cb7cf26920ba57fb61fa56da88cc123b21f/jackson-databind-2.9.2.jar" path-in-jar="/" />
      <element id="extracted-dir" path="$USER_HOME$/.gradle/caches/modules-2/files-2.1/com.fasterxml.jackson.core/jackson-core/2.9.2/aed20e50152a2f19adc1995c8d8f307c7efa414d/jackson-core-2.9.2.jar" path-in-jar="/" />
      <element id="extracted-dir" path="$USER_HOME$/.gradle/caches/modules-2/files-2.1/org.kohsuke/github-api/1.93/5bf8b86425bc6a1a41348ecc39a46e6e86a51979/github-api-1.93.jar" path-in-jar="/" />
      <element id="extracted-dir" path="$USER_HOME$/.gradle/caches/modules-2/files-2.1/commons-io/commons-io/1.4/a8762d07e76cfde2395257a5da47ba7c1dbd3dce/commons-io-1.4.jar" path-in-jar="/" />
      <element id="extracted-dir" path="$USER_HOME$/.gradle/caches/modules-2/files-2.1/commons-codec/commons-codec/1.7/9cd61d269c88f9fb0eb36cea1efcd596ab74772f/commons-codec-1.7.jar" path-in-jar="/" />
      <element id="extracted-dir" path="$USER_HOME$/.gradle/caches/modules-2/files-2.1/org.apache.commons/commons-lang3/3.7/557edd918fd41f9260963583ebf5a61a43a6b423/commons-lang3-3.7.jar" path-in-jar="/" />
    </root>
  </artifact>
</component>