<?xml version="1.0" encoding="UTF-8"?>
<project version="4">
  <component name="ChangeListManager">
    <list default="true" id="8fed34b6-feaa-40b7-bd85-af4df853cfc9" name="Default Changelist" comment="" />
    <ignored path="$PROJECT_DIR$/out/" />
    <ignored path="$PROJECT_DIR$/.gradle/" />
    <ignored path="$PROJECT_DIR$/build/" />
    <option name="EXCLUDED_CONVERTED_TO_IGNORED" value="true" />
    <option name="SHOW_DIALOG" value="false" />
    <option name="HIGHLIGHT_CONFLICTS" value="true" />
    <option name="HIGHLIGHT_NON_ACTIVE_CHANGELIST" value="false" />
    <option name="LAST_RESOLUTION" value="IGNORE" />
  </component>
  <component name="ExternalProjectsData">
    <projectState path="$PROJECT_DIR$">
      <ProjectState />
    </projectState>
  </component>
  <component name="FUSProjectUsageTrigger">
    <session id="-1919975672">
      <usages-collector id="statistics.lifecycle.project">
        <counts>
          <entry key="project.open.time.1" value="1" />
          <entry key="project.opened" value="1" />
        </counts>
      </usages-collector>
      <usages-collector id="statistics.file.extensions.open">
        <counts>
          <entry key="gradle" value="1" />
          <entry key="java" value="1" />
        </counts>
      </usages-collector>
      <usages-collector id="statistics.file.types.open">
        <counts>
          <entry key="Groovy" value="1" />
          <entry key="JAVA" value="1" />
        </counts>
      </usages-collector>
      <usages-collector id="statistics.file.extensions.edit">
        <counts>
          <entry key="gradle" value="20" />
          <entry key="java" value="577" />
        </counts>
      </usages-collector>
      <usages-collector id="statistics.file.types.edit">
        <counts>
          <entry key="Groovy" value="20" />
          <entry key="JAVA" value="577" />
        </counts>
      </usages-collector>
    </session>
  </component>
  <component name="FileEditorManager">
    <leaf>
      <file pinned="false" current-in-tab="false">
        <entry file="file://$PROJECT_DIR$/build.gradle">
          <provider selected="true" editor-type-id="text-editor">
            <state relative-caret-position="210">
              <caret line="14" column="18" selection-start-line="14" selection-start-column="18" selection-end-line="14" selection-end-column="18" />
            </state>
          </provider>
        </entry>
      </file>
      <file pinned="false" current-in-tab="true">
        <entry file="file://$PROJECT_DIR$/src/main/java/com/jsatch/ulsub/ULSubmitter.java">
          <provider selected="true" editor-type-id="text-editor">
            <state relative-caret-position="305">
              <caret line="62" column="124" selection-start-line="62" selection-start-column="124" selection-end-line="62" selection-end-column="124" />
              <folding>
                <element signature="imports" expanded="true" />
              </folding>
            </state>
          </provider>
        </entry>
      </file>
    </leaf>
  </component>
  <component name="FileTemplateManagerImpl">
    <option name="RECENT_TEMPLATES">
      <list>
        <option value="Class" />
      </list>
    </option>
  </component>
  <component name="GradleLocalSettings">
    <option name="myGradleHomes">
      <map>
        <entry key="$PROJECT_DIR$" value="$USER_HOME$/.gradle/wrapper/dists/gradle-4.8-bin/divx0s2uj4thofgytb7gf9fsi/gradle-4.8" />
      </map>
    </option>
    <option name="myGradleVersions">
      <map>
        <entry key="$PROJECT_DIR$" value="4.8" />
      </map>
    </option>
    <option name="availableProjects">
      <map>
        <entry>
          <key>
            <ExternalProjectPojo>
              <option name="name" value="ulsub" />
              <option name="path" value="$PROJECT_DIR$" />
            </ExternalProjectPojo>
          </key>
          <value>
            <list>
              <ExternalProjectPojo>
                <option name="name" value="ulsub" />
                <option name="path" value="$PROJECT_DIR$" />
              </ExternalProjectPojo>
            </list>
          </value>
        </entry>
      </map>
    </option>
    <option name="availableTasks">
      <map>
        <entry key="$PROJECT_DIR$">
          <value>
            <list>
              <ExternalTaskPojo>
                <option name="description" value="Displays the components produced by root project 'ulsub'. [incubating]" />
                <option name="linkedExternalProjectPath" value="$PROJECT_DIR$" />
                <option name="name" value="components" />
              </ExternalTaskPojo>
              <ExternalTaskPojo>
                <option name="description" value="Assembles and tests this project and all projects that depend on it." />
                <option name="linkedExternalProjectPath" value="$PROJECT_DIR$" />
                <option name="name" value="buildDependents" />
              </ExternalTaskPojo>
              <ExternalTaskPojo>
                <option name="description" value="Displays the sub-projects of root project 'ulsub'." />
                <option name="linkedExternalProjectPath" value="$PROJECT_DIR$" />
                <option name="name" value="projects" />
              </ExternalTaskPojo>
              <ExternalTaskPojo>
                <option name="description" value="Assembles main classes." />
                <option name="linkedExternalProjectPath" value="$PROJECT_DIR$" />
                <option name="name" value="classes" />
              </ExternalTaskPojo>
              <ExternalTaskPojo>
                <option name="description" value="Displays the dependent components of components in root project 'ulsub'. [incubating]" />
                <option name="linkedExternalProjectPath" value="$PROJECT_DIR$" />
                <option name="name" value="dependentComponents" />
              </ExternalTaskPojo>
              <ExternalTaskPojo>
                <option name="description" value="Displays all buildscript dependencies declared in root project 'ulsub'." />
                <option name="linkedExternalProjectPath" value="$PROJECT_DIR$" />
                <option name="name" value="buildEnvironment" />
              </ExternalTaskPojo>
              <ExternalTaskPojo>
                <option name="description" value="Generates Gradle wrapper files." />
                <option name="linkedExternalProjectPath" value="$PROJECT_DIR$" />
                <option name="name" value="wrapper" />
              </ExternalTaskPojo>
              <ExternalTaskPojo>
                <option name="description" value="Assembles test classes." />
                <option name="linkedExternalProjectPath" value="$PROJECT_DIR$" />
                <option name="name" value="testClasses" />
              </ExternalTaskPojo>
              <ExternalTaskPojo>
                <option name="description" value="Generates Javadoc API documentation for the main source code." />
                <option name="linkedExternalProjectPath" value="$PROJECT_DIR$" />
                <option name="name" value="javadoc" />
              </ExternalTaskPojo>
              <ExternalTaskPojo>
                <option name="description" value="Assembles a jar archive containing the main classes." />
                <option name="linkedExternalProjectPath" value="$PROJECT_DIR$" />
                <option name="name" value="jar" />
              </ExternalTaskPojo>
              <ExternalTaskPojo>
                <option name="description" value="Displays the configuration model of root project 'ulsub'. [incubating]" />
                <option name="linkedExternalProjectPath" value="$PROJECT_DIR$" />
                <option name="name" value="model" />
              </ExternalTaskPojo>
              <ExternalTaskPojo>
                <option name="description" value="Processes main resources." />
                <option name="linkedExternalProjectPath" value="$PROJECT_DIR$" />
                <option name="name" value="processResources" />
              </ExternalTaskPojo>
              <ExternalTaskPojo>
                <option name="description" value="Displays the tasks runnable from root project 'ulsub'." />
                <option name="linkedExternalProjectPath" value="$PROJECT_DIR$" />
                <option name="name" value="tasks" />
              </ExternalTaskPojo>
              <ExternalTaskPojo>
                <option name="description" value="Initializes a new Gradle build." />
                <option name="linkedExternalProjectPath" value="$PROJECT_DIR$" />
                <option name="name" value="init" />
              </ExternalTaskPojo>
              <ExternalTaskPojo>
                <option name="description" value="Runs the unit tests." />
                <option name="linkedExternalProjectPath" value="$PROJECT_DIR$" />
                <option name="name" value="test" />
              </ExternalTaskPojo>
              <ExternalTaskPojo>
                <option name="description" value="Compiles main Java source." />
                <option name="linkedExternalProjectPath" value="$PROJECT_DIR$" />
                <option name="name" value="compileJava" />
              </ExternalTaskPojo>
              <ExternalTaskPojo>
                <option name="description" value="Displays the insight into a specific dependency in root project 'ulsub'." />
                <option name="linkedExternalProjectPath" value="$PROJECT_DIR$" />
                <option name="name" value="dependencyInsight" />
              </ExternalTaskPojo>
              <ExternalTaskPojo>
                <option name="description" value="Runs all checks." />
                <option name="linkedExternalProjectPath" value="$PROJECT_DIR$" />
                <option name="name" value="check" />
              </ExternalTaskPojo>
              <ExternalTaskPojo>
                <option name="description" value="Assembles the outputs of this project." />
                <option name="linkedExternalProjectPath" value="$PROJECT_DIR$" />
                <option name="name" value="assemble" />
              </ExternalTaskPojo>
              <ExternalTaskPojo>
                <option name="description" value="Deletes the build directory." />
                <option name="linkedExternalProjectPath" value="$PROJECT_DIR$" />
                <option name="name" value="clean" />
              </ExternalTaskPojo>
              <ExternalTaskPojo>
                <option name="description" value="Compiles test Java source." />
                <option name="linkedExternalProjectPath" value="$PROJECT_DIR$" />
                <option name="name" value="compileTestJava" />
              </ExternalTaskPojo>
              <ExternalTaskPojo>
                <option name="description" value="Displays all dependencies declared in root project 'ulsub'." />
                <option name="linkedExternalProjectPath" value="$PROJECT_DIR$" />
                <option name="name" value="dependencies" />
              </ExternalTaskPojo>
              <ExternalTaskPojo>
                <option name="description" value="Processes test resources." />
                <option name="linkedExternalProjectPath" value="$PROJECT_DIR$" />
                <option name="name" value="processTestResources" />
              </ExternalTaskPojo>
              <ExternalTaskPojo>
                <option name="description" value="Displays a help message." />
                <option name="linkedExternalProjectPath" value="$PROJECT_DIR$" />
                <option name="name" value="help" />
              </ExternalTaskPojo>
              <ExternalTaskPojo>
                <option name="description" value="Assembles and tests this project." />
                <option name="linkedExternalProjectPath" value="$PROJECT_DIR$" />
                <option name="name" value="build" />
              </ExternalTaskPojo>
              <ExternalTaskPojo>
                <option name="description" value="Assembles and tests this project and all projects it depends on." />
                <option name="linkedExternalProjectPath" value="$PROJECT_DIR$" />
                <option name="name" value="buildNeeded" />
              </ExternalTaskPojo>
              <ExternalTaskPojo>
                <option name="description" value="Displays the properties of root project 'ulsub'." />
                <option name="linkedExternalProjectPath" value="$PROJECT_DIR$" />
                <option name="name" value="properties" />
              </ExternalTaskPojo>
            </list>
          </value>
        </entry>
      </map>
    </option>
    <option name="modificationStamps">
      <map>
        <entry key="$PROJECT_DIR$" value="6135726541000" />
        <entry key="$PROJECT_DIR$/.gradle" value="0" />
        <entry key="$PROJECT_DIR$/build.gradle" value="942977915" />
        <entry key="$PROJECT_DIR$/gradle/wrapper/gradle-wrapper.properties" value="2585518924" />
        <entry key="$PROJECT_DIR$/settings.gradle" value="2208877454" />
      </map>
    </option>
    <option name="projectBuildClasspath">
      <map>
        <entry key="$PROJECT_DIR$">
          <value>
            <ExternalProjectBuildClasspathPojo>
              <option name="modulesBuildClasspath">
                <map>
                  <entry key="$PROJECT_DIR$">
                    <value>
                      <ExternalModuleBuildClasspathPojo>
                        <option name="path" value="$PROJECT_DIR$" />
                      </ExternalModuleBuildClasspathPojo>
                    </value>
                  </entry>
                </map>
              </option>
              <option name="name" value="ulsub" />
              <option name="projectBuildClasspath">
                <list>
                  <option value="$USER_HOME$/.gradle/wrapper/dists/gradle-4.8-all/41c9mvq2w0645xx6nsenaerjl/gradle-4.8/src/ide" />
                  <option value="$USER_HOME$/.gradle/wrapper/dists/gradle-4.8-all/41c9mvq2w0645xx6nsenaerjl/gradle-4.8/src/internal-integ-testing" />
                  <option value="$USER_HOME$/.gradle/wrapper/dists/gradle-4.8-all/41c9mvq2w0645xx6nsenaerjl/gradle-4.8/src/platform-native" />
                  <option value="$USER_HOME$/.gradle/wrapper/dists/gradle-4.8-all/41c9mvq2w0645xx6nsenaerjl/gradle-4.8/src/reporting" />
                  <option value="$USER_HOME$/.gradle/wrapper/dists/gradle-4.8-all/41c9mvq2w0645xx6nsenaerjl/gradle-4.8/src/language-groovy" />
                  <option value="$USER_HOME$/.gradle/wrapper/dists/gradle-4.8-all/41c9mvq2w0645xx6nsenaerjl/gradle-4.8/src/build-option" />
                  <option value="$USER_HOME$/.gradle/wrapper/dists/gradle-4.8-all/41c9mvq2w0645xx6nsenaerjl/gradle-4.8/src/launcher" />
                  <option value="$USER_HOME$/.gradle/wrapper/dists/gradle-4.8-all/41c9mvq2w0645xx6nsenaerjl/gradle-4.8/src/platform-base" />
                  <option value="$USER_HOME$/.gradle/wrapper/dists/gradle-4.8-all/41c9mvq2w0645xx6nsenaerjl/gradle-4.8/src/announce" />
                  <option value="$USER_HOME$/.gradle/wrapper/dists/gradle-4.8-all/41c9mvq2w0645xx6nsenaerjl/gradle-4.8/src/signing" />
                  <option value="$USER_HOME$/.gradle/wrapper/dists/gradle-4.8-all/41c9mvq2w0645xx6nsenaerjl/gradle-4.8/src/core" />
                  <option value="$USER_HOME$/.gradle/wrapper/dists/gradle-4.8-all/41c9mvq2w0645xx6nsenaerjl/gradle-4.8/src/installation-beacon" />
                  <option value="$USER_HOME$/.gradle/wrapper/dists/gradle-4.8-all/41c9mvq2w0645xx6nsenaerjl/gradle-4.8/src/jvm-services" />
                  <option value="$USER_HOME$/.gradle/wrapper/dists/gradle-4.8-all/41c9mvq2w0645xx6nsenaerjl/gradle-4.8/src/native" />
                  <option value="$USER_HOME$/.gradle/wrapper/dists/gradle-4.8-all/41c9mvq2w0645xx6nsenaerjl/gradle-4.8/src/tooling-api" />
                  <option value="$USER_HOME$/.gradle/wrapper/dists/gradle-4.8-all/41c9mvq2w0645xx6nsenaerjl/gradle-4.8/src/platform-play" />
                  <option value="$USER_HOME$/.gradle/wrapper/dists/gradle-4.8-all/41c9mvq2w0645xx6nsenaerjl/gradle-4.8/src/ivy" />
                  <option value="$USER_HOME$/.gradle/wrapper/dists/gradle-4.8-all/41c9mvq2w0645xx6nsenaerjl/gradle-4.8/src/wrapper" />
                  <option value="$USER_HOME$/.gradle/wrapper/dists/gradle-4.8-all/41c9mvq2w0645xx6nsenaerjl/gradle-4.8/src/process-services" />
                  <option value="$USER_HOME$/.gradle/wrapper/dists/gradle-4.8-all/41c9mvq2w0645xx6nsenaerjl/gradle-4.8/src/plugins" />
                  <option value="$USER_HOME$/.gradle/wrapper/dists/gradle-4.8-all/41c9mvq2w0645xx6nsenaerjl/gradle-4.8/src/antlr" />
                  <option value="$USER_HOME$/.gradle/wrapper/dists/gradle-4.8-all/41c9mvq2w0645xx6nsenaerjl/gradle-4.8/src/plugin-use" />
                  <option value="$USER_HOME$/.gradle/wrapper/dists/gradle-4.8-all/41c9mvq2w0645xx6nsenaerjl/gradle-4.8/src/language-jvm" />
                  <option value="$USER_HOME$/.gradle/wrapper/dists/gradle-4.8-all/41c9mvq2w0645xx6nsenaerjl/gradle-4.8/src/maven" />
                  <option value="$USER_HOME$/.gradle/wrapper/dists/gradle-4.8-all/41c9mvq2w0645xx6nsenaerjl/gradle-4.8/src/testing-base" />
                  <option value="$USER_HOME$/.gradle/wrapper/dists/gradle-4.8-all/41c9mvq2w0645xx6nsenaerjl/gradle-4.8/src/resources" />
                  <option value="$USER_HOME$/.gradle/wrapper/dists/gradle-4.8-all/41c9mvq2w0645xx6nsenaerjl/gradle-4.8/src/version-control" />
                  <option value="$USER_HOME$/.gradle/wrapper/dists/gradle-4.8-all/41c9mvq2w0645xx6nsenaerjl/gradle-4.8/src/osgi" />
                  <option value="$USER_HOME$/.gradle/wrapper/dists/gradle-4.8-all/41c9mvq2w0645xx6nsenaerjl/gradle-4.8/src/testing-junit-platform" />
                  <option value="$USER_HOME$/.gradle/wrapper/dists/gradle-4.8-all/41c9mvq2w0645xx6nsenaerjl/gradle-4.8/src/resources-http" />
                  <option value="$USER_HOME$/.gradle/wrapper/dists/gradle-4.8-all/41c9mvq2w0645xx6nsenaerjl/gradle-4.8/src/internal-testing" />
                  <option value="$USER_HOME$/.gradle/wrapper/dists/gradle-4.8-all/41c9mvq2w0645xx6nsenaerjl/gradle-4.8/src/composite-builds" />
                  <option value="$USER_HOME$/.gradle/wrapper/dists/gradle-4.8-all/41c9mvq2w0645xx6nsenaerjl/gradle-4.8/src/model-groovy" />
                  <option value="$USER_HOME$/.gradle/wrapper/dists/gradle-4.8-all/41c9mvq2w0645xx6nsenaerjl/gradle-4.8/src/test-kit" />
                  <option value="$USER_HOME$/.gradle/wrapper/dists/gradle-4.8-all/41c9mvq2w0645xx6nsenaerjl/gradle-4.8/src/cli" />
                  <option value="$USER_HOME$/.gradle/wrapper/dists/gradle-4.8-all/41c9mvq2w0645xx6nsenaerjl/gradle-4.8/src/build-init" />
                  <option value="$USER_HOME$/.gradle/wrapper/dists/gradle-4.8-all/41c9mvq2w0645xx6nsenaerjl/gradle-4.8/src/ear" />
                  <option value="$USER_HOME$/.gradle/wrapper/dists/gradle-4.8-all/41c9mvq2w0645xx6nsenaerjl/gradle-4.8/src/jacoco" />
                  <option value="$USER_HOME$/.gradle/wrapper/dists/gradle-4.8-all/41c9mvq2w0645xx6nsenaerjl/gradle-4.8/src/persistent-cache" />
                  <option value="$USER_HOME$/.gradle/wrapper/dists/gradle-4.8-all/41c9mvq2w0645xx6nsenaerjl/gradle-4.8/src/build-comparison" />
                  <option value="$USER_HOME$/.gradle/wrapper/dists/gradle-4.8-all/41c9mvq2w0645xx6nsenaerjl/gradle-4.8/src/publish" />
                  <option value="$USER_HOME$/.gradle/wrapper/dists/gradle-4.8-all/41c9mvq2w0645xx6nsenaerjl/gradle-4.8/src/platform-jvm" />
                  <option value="$USER_HOME$/.gradle/wrapper/dists/gradle-4.8-all/41c9mvq2w0645xx6nsenaerjl/gradle-4.8/src/resources-sftp" />
                  <option value="$USER_HOME$/.gradle/wrapper/dists/gradle-4.8-all/41c9mvq2w0645xx6nsenaerjl/gradle-4.8/src/base-services" />
                  <option value="$USER_HOME$/.gradle/wrapper/dists/gradle-4.8-all/41c9mvq2w0645xx6nsenaerjl/gradle-4.8/src/model-core" />
                  <option value="$USER_HOME$/.gradle/wrapper/dists/gradle-4.8-all/41c9mvq2w0645xx6nsenaerjl/gradle-4.8/src/scala" />
                  <option value="$USER_HOME$/.gradle/wrapper/dists/gradle-4.8-all/41c9mvq2w0645xx6nsenaerjl/gradle-4.8/src/diagnostics" />
                  <option value="$USER_HOME$/.gradle/wrapper/dists/gradle-4.8-all/41c9mvq2w0645xx6nsenaerjl/gradle-4.8/src/dependency-management" />
                  <option value="$USER_HOME$/.gradle/wrapper/dists/gradle-4.8-all/41c9mvq2w0645xx6nsenaerjl/gradle-4.8/src/ide-play" />
                  <option value="$USER_HOME$/.gradle/wrapper/dists/gradle-4.8-all/41c9mvq2w0645xx6nsenaerjl/gradle-4.8/src/workers" />
                  <option value="$USER_HOME$/.gradle/wrapper/dists/gradle-4.8-all/41c9mvq2w0645xx6nsenaerjl/gradle-4.8/src/code-quality" />
                  <option value="$USER_HOME$/.gradle/wrapper/dists/gradle-4.8-all/41c9mvq2w0645xx6nsenaerjl/gradle-4.8/src/language-java" />
                  <option value="$USER_HOME$/.gradle/wrapper/dists/gradle-4.8-all/41c9mvq2w0645xx6nsenaerjl/gradle-4.8/src/build-cache" />
                  <option value="$USER_HOME$/.gradle/wrapper/dists/gradle-4.8-all/41c9mvq2w0645xx6nsenaerjl/gradle-4.8/src/plugin-development" />
                  <option value="$USER_HOME$/.gradle/wrapper/dists/gradle-4.8-all/41c9mvq2w0645xx6nsenaerjl/gradle-4.8/src/core-api" />
                  <option value="$USER_HOME$/.gradle/wrapper/dists/gradle-4.8-all/41c9mvq2w0645xx6nsenaerjl/gradle-4.8/src/javascript" />
                  <option value="$USER_HOME$/.gradle/wrapper/dists/gradle-4.8-all/41c9mvq2w0645xx6nsenaerjl/gradle-4.8/src/resources-gcs" />
                  <option value="$USER_HOME$/.gradle/wrapper/dists/gradle-4.8-all/41c9mvq2w0645xx6nsenaerjl/gradle-4.8/src/testing-native" />
                  <option value="$USER_HOME$/.gradle/wrapper/dists/gradle-4.8-all/41c9mvq2w0645xx6nsenaerjl/gradle-4.8/src/internal-performance-testing" />
                  <option value="$USER_HOME$/.gradle/wrapper/dists/gradle-4.8-all/41c9mvq2w0645xx6nsenaerjl/gradle-4.8/src/ide-native" />
                  <option value="$USER_HOME$/.gradle/wrapper/dists/gradle-4.8-all/41c9mvq2w0645xx6nsenaerjl/gradle-4.8/src/base-services-groovy" />
                  <option value="$USER_HOME$/.gradle/wrapper/dists/gradle-4.8-all/41c9mvq2w0645xx6nsenaerjl/gradle-4.8/src/messaging" />
                  <option value="$USER_HOME$/.gradle/wrapper/dists/gradle-4.8-all/41c9mvq2w0645xx6nsenaerjl/gradle-4.8/src/testing-jvm" />
                  <option value="$USER_HOME$/.gradle/wrapper/dists/gradle-4.8-all/41c9mvq2w0645xx6nsenaerjl/gradle-4.8/src/tooling-api-builders" />
                  <option value="$USER_HOME$/.gradle/wrapper/dists/gradle-4.8-all/41c9mvq2w0645xx6nsenaerjl/gradle-4.8/src/logging" />
                  <option value="$USER_HOME$/.gradle/wrapper/dists/gradle-4.8-all/41c9mvq2w0645xx6nsenaerjl/gradle-4.8/src/language-scala" />
                  <option value="$USER_HOME$/.gradle/wrapper/dists/gradle-4.8-all/41c9mvq2w0645xx6nsenaerjl/gradle-4.8/src/language-native" />
                  <option value="$USER_HOME$/.gradle/wrapper/dists/gradle-4.8-all/41c9mvq2w0645xx6nsenaerjl/gradle-4.8/src/resources-s3" />
                  <option value="$USER_HOME$/.gradle/wrapper/dists/gradle-4.8-all/41c9mvq2w0645xx6nsenaerjl/gradle-4.8/src/internal-android-performance-testing" />
                  <option value="$USER_HOME$/.gradle/wrapper/dists/gradle-4.8-all/41c9mvq2w0645xx6nsenaerjl/gradle-4.8/src/build-cache-http" />
                  <option value="$USER_HOME$/.gradle/wrapper/dists/gradle-4.8-all/41c9mvq2w0645xx6nsenaerjl/gradle-4.8/lib/gradle-model-groovy-4.8.jar" />
                  <option value="$USER_HOME$/.gradle/wrapper/dists/gradle-4.8-all/41c9mvq2w0645xx6nsenaerjl/gradle-4.8/lib/gradle-resources-4.8.jar" />
                  <option value="$USER_HOME$/.gradle/wrapper/dists/gradle-4.8-all/41c9mvq2w0645xx6nsenaerjl/gradle-4.8/lib/gradle-tooling-api-4.8.jar" />
                  <option value="$USER_HOME$/.gradle/wrapper/dists/gradle-4.8-all/41c9mvq2w0645xx6nsenaerjl/gradle-4.8/lib/gradle-kotlin-dsl-tooling-builders-0.17.5.jar" />
                  <option value="$USER_HOME$/.gradle/wrapper/dists/gradle-4.8-all/41c9mvq2w0645xx6nsenaerjl/gradle-4.8/lib/gradle-core-api-4.8.jar" />
                  <option value="$USER_HOME$/.gradle/wrapper/dists/gradle-4.8-all/41c9mvq2w0645xx6nsenaerjl/gradle-4.8/lib/ant-1.9.11.jar" />
                  <option value="$USER_HOME$/.gradle/wrapper/dists/gradle-4.8-all/41c9mvq2w0645xx6nsenaerjl/gradle-4.8/lib/gradle-persistent-cache-4.8.jar" />
                  <option value="$USER_HOME$/.gradle/wrapper/dists/gradle-4.8-all/41c9mvq2w0645xx6nsenaerjl/gradle-4.8/lib/gradle-docs-4.8.jar" />
                  <option value="$USER_HOME$/.gradle/wrapper/dists/gradle-4.8-all/41c9mvq2w0645xx6nsenaerjl/gradle-4.8/lib/gradle-cli-4.8.jar" />
                  <option value="$USER_HOME$/.gradle/wrapper/dists/gradle-4.8-all/41c9mvq2w0645xx6nsenaerjl/gradle-4.8/lib/gradle-launcher-4.8.jar" />
                  <option value="$USER_HOME$/.gradle/wrapper/dists/gradle-4.8-all/41c9mvq2w0645xx6nsenaerjl/gradle-4.8/lib/ant-launcher-1.9.11.jar" />
                  <option value="$USER_HOME$/.gradle/wrapper/dists/gradle-4.8-all/41c9mvq2w0645xx6nsenaerjl/gradle-4.8/lib/gradle-jvm-services-4.8.jar" />
                  <option value="$USER_HOME$/.gradle/wrapper/dists/gradle-4.8-all/41c9mvq2w0645xx6nsenaerjl/gradle-4.8/lib/gradle-messaging-4.8.jar" />
                  <option value="$USER_HOME$/.gradle/wrapper/dists/gradle-4.8-all/41c9mvq2w0645xx6nsenaerjl/gradle-4.8/lib/groovy-all-2.4.12.jar" />
                  <option value="$USER_HOME$/.gradle/wrapper/dists/gradle-4.8-all/41c9mvq2w0645xx6nsenaerjl/gradle-4.8/lib/gradle-build-option-4.8.jar" />
                  <option value="$USER_HOME$/.gradle/wrapper/dists/gradle-4.8-all/41c9mvq2w0645xx6nsenaerjl/gradle-4.8/lib/gradle-kotlin-dsl-provider-spi-0.17.5.jar" />
                  <option value="$USER_HOME$/.gradle/wrapper/dists/gradle-4.8-all/41c9mvq2w0645xx6nsenaerjl/gradle-4.8/lib/gradle-base-services-4.8.jar" />
                  <option value="$USER_HOME$/.gradle/wrapper/dists/gradle-4.8-all/41c9mvq2w0645xx6nsenaerjl/gradle-4.8/lib/gradle-core-4.8.jar" />
                  <option value="$USER_HOME$/.gradle/wrapper/dists/gradle-4.8-all/41c9mvq2w0645xx6nsenaerjl/gradle-4.8/lib/gradle-kotlin-dsl-0.17.5.jar" />
                  <option value="$USER_HOME$/.gradle/wrapper/dists/gradle-4.8-all/41c9mvq2w0645xx6nsenaerjl/gradle-4.8/lib/gradle-model-core-4.8.jar" />
                  <option value="$USER_HOME$/.gradle/wrapper/dists/gradle-4.8-all/41c9mvq2w0645xx6nsenaerjl/gradle-4.8/lib/gradle-base-services-groovy-4.8.jar" />
                  <option value="$USER_HOME$/.gradle/wrapper/dists/gradle-4.8-all/41c9mvq2w0645xx6nsenaerjl/gradle-4.8/lib/gradle-installation-beacon-4.8.jar" />
                  <option value="$USER_HOME$/.gradle/wrapper/dists/gradle-4.8-all/41c9mvq2w0645xx6nsenaerjl/gradle-4.8/lib/gradle-process-services-4.8.jar" />
                  <option value="$USER_HOME$/.gradle/wrapper/dists/gradle-4.8-all/41c9mvq2w0645xx6nsenaerjl/gradle-4.8/lib/gradle-kotlin-dsl-tooling-models-0.17.5.jar" />
                  <option value="$USER_HOME$/.gradle/wrapper/dists/gradle-4.8-all/41c9mvq2w0645xx6nsenaerjl/gradle-4.8/lib/gradle-build-cache-4.8.jar" />
                  <option value="$USER_HOME$/.gradle/wrapper/dists/gradle-4.8-all/41c9mvq2w0645xx6nsenaerjl/gradle-4.8/lib/gradle-kotlin-dsl-provider-plugins-0.17.5.jar" />
                  <option value="$USER_HOME$/.gradle/wrapper/dists/gradle-4.8-all/41c9mvq2w0645xx6nsenaerjl/gradle-4.8/lib/gradle-runtime-api-info-4.8.jar" />
                  <option value="$USER_HOME$/.gradle/wrapper/dists/gradle-4.8-all/41c9mvq2w0645xx6nsenaerjl/gradle-4.8/lib/gradle-native-4.8.jar" />
                  <option value="$USER_HOME$/.gradle/wrapper/dists/gradle-4.8-all/41c9mvq2w0645xx6nsenaerjl/gradle-4.8/lib/gradle-logging-4.8.jar" />
                  <option value="$USER_HOME$/.gradle/wrapper/dists/gradle-4.8-all/41c9mvq2w0645xx6nsenaerjl/gradle-4.8/lib/gradle-wrapper-4.8.jar" />
                  <option value="$USER_HOME$/.gradle/wrapper/dists/gradle-4.8-all/41c9mvq2w0645xx6nsenaerjl/gradle-4.8/lib/plugins/gradle-build-init-4.8.jar" />
                  <option value="$USER_HOME$/.gradle/wrapper/dists/gradle-4.8-all/41c9mvq2w0645xx6nsenaerjl/gradle-4.8/lib/plugins/gradle-testing-jvm-4.8.jar" />
                  <option value="$USER_HOME$/.gradle/wrapper/dists/gradle-4.8-all/41c9mvq2w0645xx6nsenaerjl/gradle-4.8/lib/plugins/gradle-testing-base-4.8.jar" />
                  <option value="$USER_HOME$/.gradle/wrapper/dists/gradle-4.8-all/41c9mvq2w0645xx6nsenaerjl/gradle-4.8/lib/plugins/gradle-platform-jvm-4.8.jar" />
                  <option value="$USER_HOME$/.gradle/wrapper/dists/gradle-4.8-all/41c9mvq2w0645xx6nsenaerjl/gradle-4.8/lib/plugins/gradle-maven-4.8.jar" />
                  <option value="$USER_HOME$/.gradle/wrapper/dists/gradle-4.8-all/41c9mvq2w0645xx6nsenaerjl/gradle-4.8/lib/plugins/gradle-code-quality-4.8.jar" />
                  <option value="$USER_HOME$/.gradle/wrapper/dists/gradle-4.8-all/41c9mvq2w0645xx6nsenaerjl/gradle-4.8/lib/plugins/gradle-resources-s3-4.8.jar" />
                  <option value="$USER_HOME$/.gradle/wrapper/dists/gradle-4.8-all/41c9mvq2w0645xx6nsenaerjl/gradle-4.8/lib/plugins/gradle-signing-4.8.jar" />
                  <option value="$USER_HOME$/.gradle/wrapper/dists/gradle-4.8-all/41c9mvq2w0645xx6nsenaerjl/gradle-4.8/lib/plugins/gradle-resources-sftp-4.8.jar" />
                  <option value="$USER_HOME$/.gradle/wrapper/dists/gradle-4.8-all/41c9mvq2w0645xx6nsenaerjl/gradle-4.8/lib/plugins/gradle-ivy-4.8.jar" />
                  <option value="$USER_HOME$/.gradle/wrapper/dists/gradle-4.8-all/41c9mvq2w0645xx6nsenaerjl/gradle-4.8/lib/plugins/gradle-test-kit-4.8.jar" />
                  <option value="$USER_HOME$/.gradle/wrapper/dists/gradle-4.8-all/41c9mvq2w0645xx6nsenaerjl/gradle-4.8/lib/plugins/gradle-language-java-4.8.jar" />
                  <option value="$USER_HOME$/.gradle/wrapper/dists/gradle-4.8-all/41c9mvq2w0645xx6nsenaerjl/gradle-4.8/lib/plugins/gradle-language-groovy-4.8.jar" />
                  <option value="$USER_HOME$/.gradle/wrapper/dists/gradle-4.8-all/41c9mvq2w0645xx6nsenaerjl/gradle-4.8/lib/plugins/gradle-osgi-4.8.jar" />
                  <option value="$USER_HOME$/.gradle/wrapper/dists/gradle-4.8-all/41c9mvq2w0645xx6nsenaerjl/gradle-4.8/lib/plugins/gradle-reporting-4.8.jar" />
                  <option value="$USER_HOME$/.gradle/wrapper/dists/gradle-4.8-all/41c9mvq2w0645xx6nsenaerjl/gradle-4.8/lib/plugins/gradle-antlr-4.8.jar" />
                  <option value="$USER_HOME$/.gradle/wrapper/dists/gradle-4.8-all/41c9mvq2w0645xx6nsenaerjl/gradle-4.8/lib/plugins/gradle-resources-gcs-4.8.jar" />
                  <option value="$USER_HOME$/.gradle/wrapper/dists/gradle-4.8-all/41c9mvq2w0645xx6nsenaerjl/gradle-4.8/lib/plugins/gradle-ide-4.8.jar" />
                  <option value="$USER_HOME$/.gradle/wrapper/dists/gradle-4.8-all/41c9mvq2w0645xx6nsenaerjl/gradle-4.8/lib/plugins/gradle-platform-play-4.8.jar" />
                  <option value="$USER_HOME$/.gradle/wrapper/dists/gradle-4.8-all/41c9mvq2w0645xx6nsenaerjl/gradle-4.8/lib/plugins/gradle-resources-http-4.8.jar" />
                  <option value="$USER_HOME$/.gradle/wrapper/dists/gradle-4.8-all/41c9mvq2w0645xx6nsenaerjl/gradle-4.8/lib/plugins/gradle-scala-4.8.jar" />
                  <option value="$USER_HOME$/.gradle/wrapper/dists/gradle-4.8-all/41c9mvq2w0645xx6nsenaerjl/gradle-4.8/lib/plugins/gradle-testing-native-4.8.jar" />
                  <option value="$USER_HOME$/.gradle/wrapper/dists/gradle-4.8-all/41c9mvq2w0645xx6nsenaerjl/gradle-4.8/lib/plugins/gradle-dependency-management-4.8.jar" />
                  <option value="$USER_HOME$/.gradle/wrapper/dists/gradle-4.8-all/41c9mvq2w0645xx6nsenaerjl/gradle-4.8/lib/plugins/gradle-composite-builds-4.8.jar" />
                  <option value="$USER_HOME$/.gradle/wrapper/dists/gradle-4.8-all/41c9mvq2w0645xx6nsenaerjl/gradle-4.8/lib/plugins/gradle-testing-junit-platform-4.8.jar" />
                  <option value="$USER_HOME$/.gradle/wrapper/dists/gradle-4.8-all/41c9mvq2w0645xx6nsenaerjl/gradle-4.8/lib/plugins/gradle-publish-4.8.jar" />
                  <option value="$USER_HOME$/.gradle/wrapper/dists/gradle-4.8-all/41c9mvq2w0645xx6nsenaerjl/gradle-4.8/lib/plugins/gradle-ear-4.8.jar" />
                  <option value="$USER_HOME$/.gradle/wrapper/dists/gradle-4.8-all/41c9mvq2w0645xx6nsenaerjl/gradle-4.8/lib/plugins/gradle-language-jvm-4.8.jar" />
                  <option value="$USER_HOME$/.gradle/wrapper/dists/gradle-4.8-all/41c9mvq2w0645xx6nsenaerjl/gradle-4.8/lib/plugins/gradle-platform-base-4.8.jar" />
                  <option value="$USER_HOME$/.gradle/wrapper/dists/gradle-4.8-all/41c9mvq2w0645xx6nsenaerjl/gradle-4.8/lib/plugins/gradle-ide-native-4.8.jar" />
                  <option value="$USER_HOME$/.gradle/wrapper/dists/gradle-4.8-all/41c9mvq2w0645xx6nsenaerjl/gradle-4.8/lib/plugins/gradle-diagnostics-4.8.jar" />
                  <option value="$USER_HOME$/.gradle/wrapper/dists/gradle-4.8-all/41c9mvq2w0645xx6nsenaerjl/gradle-4.8/lib/plugins/gradle-plugin-development-4.8.jar" />
                  <option value="$USER_HOME$/.gradle/wrapper/dists/gradle-4.8-all/41c9mvq2w0645xx6nsenaerjl/gradle-4.8/lib/plugins/gradle-workers-4.8.jar" />
                  <option value="$USER_HOME$/.gradle/wrapper/dists/gradle-4.8-all/41c9mvq2w0645xx6nsenaerjl/gradle-4.8/lib/plugins/gradle-build-cache-http-4.8.jar" />
                  <option value="$USER_HOME$/.gradle/wrapper/dists/gradle-4.8-all/41c9mvq2w0645xx6nsenaerjl/gradle-4.8/lib/plugins/gradle-javascript-4.8.jar" />
                  <option value="$USER_HOME$/.gradle/wrapper/dists/gradle-4.8-all/41c9mvq2w0645xx6nsenaerjl/gradle-4.8/lib/plugins/gradle-version-control-4.8.jar" />
                  <option value="$USER_HOME$/.gradle/wrapper/dists/gradle-4.8-all/41c9mvq2w0645xx6nsenaerjl/gradle-4.8/lib/plugins/gradle-language-native-4.8.jar" />
                  <option value="$USER_HOME$/.gradle/wrapper/dists/gradle-4.8-all/41c9mvq2w0645xx6nsenaerjl/gradle-4.8/lib/plugins/gradle-build-comparison-4.8.jar" />
                  <option value="$USER_HOME$/.gradle/wrapper/dists/gradle-4.8-all/41c9mvq2w0645xx6nsenaerjl/gradle-4.8/lib/plugins/gradle-plugins-4.8.jar" />
                  <option value="$USER_HOME$/.gradle/wrapper/dists/gradle-4.8-all/41c9mvq2w0645xx6nsenaerjl/gradle-4.8/lib/plugins/gradle-jacoco-4.8.jar" />
                  <option value="$USER_HOME$/.gradle/wrapper/dists/gradle-4.8-all/41c9mvq2w0645xx6nsenaerjl/gradle-4.8/lib/plugins/gradle-platform-native-4.8.jar" />
                  <option value="$USER_HOME$/.gradle/wrapper/dists/gradle-4.8-all/41c9mvq2w0645xx6nsenaerjl/gradle-4.8/lib/plugins/gradle-plugin-use-4.8.jar" />
                  <option value="$USER_HOME$/.gradle/wrapper/dists/gradle-4.8-all/41c9mvq2w0645xx6nsenaerjl/gradle-4.8/lib/plugins/gradle-announce-4.8.jar" />
                  <option value="$USER_HOME$/.gradle/wrapper/dists/gradle-4.8-all/41c9mvq2w0645xx6nsenaerjl/gradle-4.8/lib/plugins/gradle-tooling-api-builders-4.8.jar" />
                  <option value="$USER_HOME$/.gradle/wrapper/dists/gradle-4.8-all/41c9mvq2w0645xx6nsenaerjl/gradle-4.8/lib/plugins/ivy-2.2.0.jar" />
                  <option value="$USER_HOME$/.gradle/wrapper/dists/gradle-4.8-all/41c9mvq2w0645xx6nsenaerjl/gradle-4.8/lib/plugins/gradle-ide-play-4.8.jar" />
                  <option value="$USER_HOME$/.gradle/wrapper/dists/gradle-4.8-all/41c9mvq2w0645xx6nsenaerjl/gradle-4.8/lib/plugins/gradle-language-scala-4.8.jar" />
                </list>
              </option>
            </ExternalProjectBuildClasspathPojo>
          </value>
        </entry>
      </map>
    </option>
    <option name="projectSyncType">
      <map>
        <entry key="$PROJECT_DIR$" value="RE_IMPORT" />
      </map>
    </option>
  </component>
  <component name="IdeDocumentHistory">
    <option name="CHANGED_PATHS">
      <list>
        <option value="$PROJECT_DIR$/build.gradle" />
        <option value="$PROJECT_DIR$/src/main/java/com/jsatch/ulsub/ULSubmitter.java" />
      </list>
    </option>
  </component>
  <component name="ProjectFrameBounds" extendedState="6">
    <option name="y" value="23" />
    <option name="width" value="1680" />
    <option name="height" value="1027" />
  </component>
  <component name="ProjectView">
    <navigator proportions="" version="1">
      <foldersAlwaysOnTop value="true" />
    </navigator>
    <panes>
      <pane id="AndroidView" />
      <pane id="Scope" />
      <pane id="ProjectPane">
        <subPane>
          <expand>
            <path>
              <item name="ulsub" type="b2602c69:ProjectViewProjectNode" />
              <item name="ulsub" type="8a07ba80:GradleTreeStructureProvider$GradleModuleDirectoryNode" />
            </path>
            <path>
              <item name="ulsub" type="b2602c69:ProjectViewProjectNode" />
              <item name="ulsub" type="8a07ba80:GradleTreeStructureProvider$GradleModuleDirectoryNode" />
              <item name="src" type="462c0819:PsiDirectoryNode" />
            </path>
            <path>
              <item name="ulsub" type="b2602c69:ProjectViewProjectNode" />
              <item name="ulsub" type="8a07ba80:GradleTreeStructureProvider$GradleModuleDirectoryNode" />
              <item name="src" type="462c0819:PsiDirectoryNode" />
              <item name="main" type="8a07ba80:GradleTreeStructureProvider$GradleModuleDirectoryNode" />
            </path>
          </expand>
          <select />
        </subPane>
      </pane>
      <pane id="PackagesPane" />
    </panes>
  </component>
  <component name="PropertiesComponent">
    <property name="com.android.tools.idea.instantapp.provision.ProvisionBeforeRunTaskProvider.myTimeStamp" value="1533934121491" />
  </component>
  <component name="RunDashboard">
    <option name="ruleStates">
      <list>
        <RuleState>
          <option name="name" value="ConfigurationTypeDashboardGroupingRule" />
        </RuleState>
        <RuleState>
          <option name="name" value="StatusDashboardGroupingRule" />
        </RuleState>
      </list>
    </option>
  </component>
  <component name="RunManager">
    <configuration name="ULSubmitter" type="Application" factoryName="Application" temporary="true" nameIsGenerated="true">
      <option name="MAIN_CLASS_NAME" value="com.jsatch.ulsub.ULSubmitter" />
      <module name="ulsub_main" />
      <extension name="coverage">
        <pattern>
          <option name="PATTERN" value="com.jsatch.ulsub.*" />
          <option name="ENABLED" value="true" />
        </pattern>
      </extension>
      <method v="2">
        <option name="Make" enabled="true" />
      </method>
    </configuration>
    <recent_temporary>
      <list>
        <item itemvalue="Application.ULSubmitter" />
      </list>
    </recent_temporary>
  </component>
  <component name="SvnConfiguration">
    <configuration />
  </component>
  <component name="TaskManager">
    <task active="true" id="Default" summary="Default task">
      <changelist id="8fed34b6-feaa-40b7-bd85-af4df853cfc9" name="Default Changelist" comment="" />
      <created>1533931361853</created>
      <option name="number" value="Default" />
      <option name="presentableId" value="Default" />
      <updated>1533931361853</updated>
    </task>
    <servers />
  </component>
  <component name="ToolWindowManager">
    <frame x="0" y="23" width="1680" height="1027" extended-state="6" />
    <editor active="true" />
    <layout>
      <window_info id="Image Layers" />
      <window_info id="Designer" />
      <window_info id="UI Designer" />
      <window_info id="Capture Tool" />
      <window_info id="Favorites" side_tool="true" />
      <window_info content_ui="combo" id="Project" order="0" visible="true" weight="0.24969475" />
      <window_info id="Structure" order="1" side_tool="true" weight="0.25" />
      <window_info anchor="bottom" id="Version Control" show_stripe_button="false" />
      <window_info anchor="bottom" id="Terminal" />
      <window_info anchor="bottom" id="Event Log" side_tool="true" />
      <window_info anchor="bottom" id="Build" weight="0.32941177" />
      <window_info anchor="bottom" id="Messages" />
      <window_info anchor="bottom" id="Message" order="0" />
      <window_info anchor="bottom" id="Find" order="1" />
      <window_info active="true" anchor="bottom" id="Run" order="2" visible="true" weight="0.32941177" />
      <window_info anchor="bottom" id="Debug" order="3" weight="0.4" />
      <window_info anchor="bottom" id="Cvs" order="4" weight="0.25" />
      <window_info anchor="bottom" id="Inspection" order="5" weight="0.4" />
      <window_info anchor="bottom" id="TODO" order="6" />
      <window_info anchor="right" id="Palette" />
      <window_info anchor="right" id="Gradle" />
      <window_info anchor="right" id="Theme Preview" />
      <window_info anchor="right" id="Capture Analysis" />
      <window_info anchor="right" id="Palette&#9;" />
      <window_info anchor="right" id="Maven Projects" />
      <window_info anchor="right" id="Commander" internal_type="SLIDING" order="0" type="SLIDING" weight="0.4" />
      <window_info anchor="right" id="Ant Build" order="1" weight="0.25" />
      <window_info anchor="right" content_ui="combo" id="Hierarchy" order="2" weight="0.25" />
    </layout>
  </component>
  <component name="VcsContentAnnotationSettings">
    <option name="myLimit" value="2678400000" />
  </component>
  <component name="editorHistoryManager">
    <entry file="file://$PROJECT_DIR$/build.gradle">
      <provider selected="true" editor-type-id="text-editor">
        <state relative-caret-position="210">
          <caret line="14" column="18" selection-start-line="14" selection-start-column="18" selection-end-line="14" selection-end-column="18" />
        </state>
      </provider>
    </entry>
    <entry file="file://$PROJECT_DIR$/src/main/java/com/jsatch/ulsub/ULSubmitter.java">
      <provider selected="true" editor-type-id="text-editor">
        <state relative-caret-position="305">
          <caret line="62" column="124" selection-start-line="62" selection-start-column="124" selection-end-line="62" selection-end-column="124" />
          <folding>
            <element signature="imports" expanded="true" />
          </folding>
        </state>
      </provider>
    </entry>
  </component>
</project>